{"cameraMode":{"drawMode":0,"name":"Shaded","section":"Shading Mode"},"sceneLighting":true,"audioPlay":false,"sceneViewState":{"showFog":true,"showMaterialUpdate":false,"showSkybox":true,"showFlares":true,"showImageEffects":true,"showParticleSystems":true},"in2DMode":false,"pivot":{"x":-0.11523997783660889,"y":-0.4935401976108551,"z":1.1999738216400147},"rotation":{"x":0.018717898055911065,"y":0.9533334374427795,"z":-0.060444172471761706,"w":0.29521432518959048},"size":2.8578836917877199,"orthographic":false}